"Tanggal","Terakhir","Pembukaan","Tertinggi","Terendah","Vol.","Perubahan%"
"30/12/2024","2.730","2.780","2.790","2.700","13,16M","-1,44%"
"27/12/2024","2.770","2.750","2.800","2.740","14,51M","0,73%"
"24/12/2024","2.750","2.800","2.810","2.750","9,03M","-1,79%"
"23/12/2024","2.800","2.780","2.840","2.760","22,12M","1,82%"
"20/12/2024","2.750","2.660","2.770","2.630","23,63M","4,17%"
"19/12/2024","2.640","2.600","2.660","2.560","23,18M","-1,49%"
"18/12/2024","2.680","2.760","2.780","2.670","30,61M","-2,90%"
"17/12/2024","2.760","2.850","2.880","2.760","18,97M","-3,16%"
"16/12/2024","2.850","2.900","2.910","2.830","18,42M","-1,72%"
"13/12/2024","2.900","2.910","2.950","2.880","17,08M","0,00%"
"12/12/2024","2.900","2.960","2.960","2.900","18,88M","-2,36%"
"11/12/2024","2.970","2.970","3.010","2.950","13,94M","0,00%"
"10/12/2024","2.970","3.010","3.020","2.950","18,12M","-1,33%"
"09/12/2024","3.010","2.980","3.030","2.980","19,29M","1,01%"
"06/12/2024","2.980","2.960","2.990","2.940","15,56M","0,34%"
"05/12/2024","2.970","2.990","2.990","2.930","12,00M","-1,00%"
"04/12/2024","3.000","2.950","3.010","2.940","30,14M","2,04%"
"03/12/2024","2.940","2.890","2.960","2.890","21,28M","3,52%"
"02/12/2024","2.840","2.920","2.930","2.830","17,74M","-2,07%"
"29/11/2024","2.900","2.910","2.920","2.860","10,19M","-0,34%"
"28/11/2024","2.910","2.930","2.950","2.880","12,99M","-0,34%"
"26/11/2024","2.920","2.980","2.980","2.910","10,89M","-1,02%"
"25/11/2024","2.950","2.950","3.040","2.920","44,52M","0,00%"
"22/11/2024","2.950","2.720","2.970","2.690","55,33M","9,67%"
"21/11/2024","2.690","2.770","2.800","2.660","32,39M","-2,89%"
"20/11/2024","2.770","2.800","2.820","2.750","13,91M","-0,36%"
"19/11/2024","2.780","2.850","2.860","2.780","22,63M","-2,46%"
"18/11/2024","2.850","2.860","2.900","2.790","20,36M","0,00%"
"15/11/2024","2.850","2.840","2.880","2.820","13,31M","0,00%"
"14/11/2024","2.850","2.890","2.900","2.840","13,63M","-1,38%"
"13/11/2024","2.890","2.880","2.940","2.870","23,68M","0,35%"
"12/11/2024","2.880","2.820","2.890","2.820","13,06M","2,13%"
"11/11/2024","2.820","2.870","2.890","2.760","23,37M","-1,40%"
"08/11/2024","2.860","2.870","2.920","2.840","24,67M","0,35%"
"07/11/2024","2.850","2.900","2.910","2.800","27,46M","-1,72%"
"06/11/2024","2.900","2.980","2.990","2.860","24,02M","-2,36%"
"05/11/2024","2.970","2.950","2.980","2.920","19,43M","1,02%"
"04/11/2024","2.940","2.950","2.970","2.900","25,37M","-0,34%"
"01/11/2024","2.950","3.030","3.030","2.930","23,05M","-2,64%"
"31/10/2024","3.030","2.960","3.060","2.960","28,47M","2,36%"
"30/10/2024","2.960","2.950","3.000","2.900","36,69M","0,34%"
"29/10/2024","2.950","3.010","3.030","2.930","45,09M","-1,99%"
"28/10/2024","3.010","3.020","3.040","2.940","18,85M","0,00%"
"25/10/2024","3.010","3.100","3.110","3.010","20,60M","-2,59%"
"24/10/2024","3.090","3.020","3.110","3.010","49,59M","2,32%"
"23/10/2024","3.020","3.000","3.030","2.980","15,95M","0,67%"
"22/10/2024","3.000","3.090","3.090","2.980","42,07M","-2,60%"
"21/10/2024","3.080","3.120","3.130","3.060","13,46M","-0,65%"
"18/10/2024","3.100","3.140","3.140","3.090","19,52M","-0,32%"
"17/10/2024","3.110","3.040","3.140","3.020","56,21M","2,98%"
"16/10/2024","3.020","3.020","3.040","2.990","26,76M","0,00%"
"15/10/2024","3.020","3.010","3.040","2.990","30,66M","0,67%"
"14/10/2024","3.000","3.000","3.030","2.990","20,34M","0,00%"
"11/10/2024","3.000","3.050","3.050","2.990","18,49M","-0,99%"
"10/10/2024","3.030","3.010","3.040","2.980","17,17M","1,00%"
"09/10/2024","3.000","3.080","3.110","3.000","52,88M","-1,64%"
"08/10/2024","3.050","2.910","3.100","2.870","74,05M","4,81%"
"07/10/2024","2.910","2.910","2.940","2.850","24,82M","0,00%"
"04/10/2024","2.910","2.980","2.990","2.910","17,44M","-2,02%"
"03/10/2024","2.970","2.940","3.000","2.870","32,03M","1,02%"
"02/10/2024","2.940","3.000","3.000","2.890","52,98M","-2,00%"
"01/10/2024","3.000","3.010","3.070","2.980","29,37M","-0,33%"
"30/09/2024","3.010","3.060","3.060","3.000","25,94M","-1,63%"
"27/09/2024","3.060","3.090","3.120","3.050","25,07M","-1,29%"
"26/09/2024","3.100","3.070","3.130","3.050","35,86M","0,98%"
"25/09/2024","3.070","3.120","3.120","3.010","50,39M","-1,29%"
"24/09/2024","3.110","3.150","3.170","3.090","26,25M","-1,27%"
"23/09/2024","3.150","3.050","3.150","3.050","46,61M","3,96%"
"20/09/2024","3.030","3.190","3.350","3.030","202,66M","-4,11%"
"19/09/2024","3.160","3.180","3.200","3.130","45,70M","0,64%"
"18/09/2024","3.140","3.120","3.200","3.120","84,69M","1,29%"
"17/09/2024","3.100","2.860","3.180","2.850","198,01M","8,39%"
"13/09/2024","2.860","2.880","2.910","2.810","53,27M","-0,69%"
"12/09/2024","2.880","2.770","2.900","2.760","90,87M","4,73%"
"11/09/2024","2.750","2.650","2.770","2.630","92,47M","3,77%"
"10/09/2024","2.650","2.630","2.660","2.620","19,17M","1,15%"
"09/09/2024","2.620","2.630","2.660","2.580","33,84M","-0,38%"
"06/09/2024","2.630","2.660","2.670","2.610","18,97M","-0,75%"
"05/09/2024","2.650","2.570","2.660","2.560","52,50M","3,11%"
"04/09/2024","2.570","2.560","2.610","2.540","24,03M","-0,77%"
"03/09/2024","2.590","2.620","2.640","2.550","46,14M","-0,77%"
"02/09/2024","2.610","2.660","2.690","2.600","44,78M","-1,51%"
"30/08/2024","2.650","2.680","2.700","2.620","27,15M","-1,12%"
"29/08/2024","2.680","2.700","2.710","2.680","28,56M","-1,83%"
"28/08/2024","2.730","2.740","2.750","2.710","23,97M","-0,36%"
"27/08/2024","2.740","2.730","2.740","2.670","25,45M","0,37%"
"26/08/2024","2.730","2.760","2.790","2.700","71,98M","1,11%"
"23/08/2024","2.700","2.640","2.730","2.620","33,30M","3,05%"
"22/08/2024","2.620","2.680","2.690","2.610","40,42M","-2,24%"
"21/08/2024","2.680","2.650","2.740","2.640","51,64M","1,52%"
"20/08/2024","2.640","2.610","2.660","2.610","23,36M","1,15%"
"19/08/2024","2.610","2.620","2.630","2.590","8,35M","-0,38%"
"16/08/2024","2.620","2.680","2.680","2.610","17,37M","-1,50%"
"15/08/2024","2.660","2.680","2.700","2.610","31,69M","0,00%"
"14/08/2024","2.660","2.670","2.680","2.630","22,94M","-0,37%"
"13/08/2024","2.670","2.600","2.670","2.590","36,36M","2,69%"
"12/08/2024","2.600","2.590","2.630","2.560","28,09M","0,39%"
"09/08/2024","2.590","2.540","2.600","2.520","33,61M","2,78%"
"08/08/2024","2.520","2.510","2.540","2.480","17,81M","0,00%"
"07/08/2024","2.520","2.510","2.530","2.480","18,51M","0,80%"
"06/08/2024","2.500","2.440","2.510","2.420","49,44M","3,31%"
"05/08/2024","2.420","2.490","2.500","2.360","73,82M","-5,10%"
"02/08/2024","2.550","2.550","2.580","2.520","34,41M","-1,16%"
"01/08/2024","2.580","2.600","2.640","2.570","31,77M","-0,77%"
"31/07/2024","2.600","2.490","2.620","2.490","93,80M","4,84%"
"30/07/2024","2.480","2.480","2.500","2.460","13,69M","0,00%"
"29/07/2024","2.480","2.480","2.500","2.440","20,06M","0,81%"
"26/07/2024","2.460","2.430","2.470","2.430","17,39M","1,65%"
"25/07/2024","2.420","2.490","2.490","2.390","31,24M","-3,20%"
"24/07/2024","2.500","2.540","2.540","2.480","14,35M","-1,19%"
"23/07/2024","2.530","2.580","2.590","2.520","32,74M","-1,17%"
"22/07/2024","2.560","2.460","2.570","2.460","49,72M","4,49%"
"19/07/2024","2.450","2.490","2.490","2.450","20,01M","-1,61%"
"18/07/2024","2.490","2.480","2.510","2.460","20,10M","0,40%"
"17/07/2024","2.480","2.470","2.500","2.470","15,41M","0,81%"
"16/07/2024","2.460","2.480","2.490","2.450","14,69M","-0,81%"
"15/07/2024","2.480","2.510","2.520","2.470","16,57M","-1,20%"
"12/07/2024","2.510","2.520","2.560","2.490","44,20M","0,00%"
"11/07/2024","2.510","2.490","2.530","2.480","20,44M","1,62%"
"10/07/2024","2.470","2.530","2.550","2.470","24,70M","-1,98%"
"09/07/2024","2.520","2.460","2.540","2.450","50,62M","2,86%"
"08/07/2024","2.450","2.500","2.500","2.430","33,71M","-1,61%"
"05/07/2024","2.490","2.490","2.530","2.470","21,01M","0,00%"
"04/07/2024","2.490","2.500","2.550","2.480","28,91M","-0,40%"
"03/07/2024","2.500","2.570","2.590","2.470","35,11M","-2,34%"
"02/07/2024","2.560","2.610","2.610","2.540","19,27M","-1,92%"
"01/07/2024","2.610","2.680","2.680","2.540","36,71M","-0,38%"
"28/06/2024","2.620","2.550","2.630","2.550","80,97M","3,15%"
"27/06/2024","2.540","2.550","2.610","2.520","36,80M","-0,39%"
"26/06/2024","2.550","2.500","2.560","2.500","30,11M","2,00%"
"25/06/2024","2.500","2.520","2.580","2.460","41,16M","-0,40%"
"24/06/2024","2.510","2.420","2.540","2.420","45,74M","3,72%"
"21/06/2024","2.420","2.440","2.500","2.410","46,85M","-0,82%"
"20/06/2024","2.440","2.430","2.470","2.410","43,91M","1,24%"
"19/06/2024","2.410","2.300","2.450","2.300","64,22M","5,70%"
"14/06/2024","2.280","2.290","2.300","2.230","36,54M","0,00%"
"13/06/2024","2.280","2.190","2.290","2.170","33,48M","6,05%"
"12/06/2024","2.150","2.160","2.170","2.120","8,10M","-0,92%"
"11/06/2024","2.170","2.130","2.190","2.120","16,40M","1,88%"
"10/06/2024","2.130","2.170","2.170","2.090","23,35M","-2,29%"
"07/06/2024","2.180","2.180","2.240","2.170","17,29M","-0,46%"
"06/06/2024","2.190","2.240","2.260","2.150","37,67M","-3,10%"
"05/06/2024","2.260","2.280","2.310","2.230","19,46M","-0,88%"
"04/06/2024","2.280","2.240","2.330","2.240","42,76M","2,24%"
"03/06/2024","2.230","2.240","2.270","2.200","37,07M","1,36%"
"31/05/2024","2.200","2.170","2.240","2.160","34,44M","1,85%"
"30/05/2024","2.160","2.200","2.200","2.110","44,79M","-1,82%"
"29/05/2024","2.200","2.290","2.300","2.160","36,23M","-3,93%"
"28/05/2024","2.290","2.280","2.340","2.280","27,32M","0,88%"
"27/05/2024","2.270","2.330","2.340","2.260","41,88M","-2,58%"
"22/05/2024","2.330","2.380","2.410","2.310","50,98M","-1,27%"
"21/05/2024","2.360","2.470","2.470","2.350","34,97M","-4,45%"
"20/05/2024","2.470","2.530","2.540","2.460","19,58M","-1,98%"
"17/05/2024","2.520","2.550","2.580","2.490","39,46M","-0,79%"
"16/05/2024","2.540","2.580","2.650","2.540","66,24M","0,00%"
"15/05/2024","2.540","2.350","2.550","2.340","99,44M","8,09%"
"14/05/2024","2.350","2.310","2.390","2.270","88,25M","2,17%"
"13/05/2024","2.300","2.540","2.550","2.230","172,38M","-9,45%"
"08/05/2024","2.540","2.700","2.740","2.510","87,92M","-5,93%"
"07/05/2024","2.700","2.790","2.800","2.700","35,84M","-3,23%"
"06/05/2024","2.790","2.670","2.870","2.670","97,35M","6,08%"
"03/05/2024","2.630","2.550","2.650","2.520","34,51M","3,54%"
"02/05/2024","2.540","2.640","2.640","2.510","33,70M","-3,79%"
"30/04/2024","2.640","2.520","2.640","2.520","37,79M","5,18%"
"29/04/2024","2.510","2.480","2.530","2.460","23,57M","1,62%"
"26/04/2024","2.470","2.580","2.600","2.470","34,49M","-4,26%"
"25/04/2024","2.580","2.640","2.650","2.580","15,33M","-2,27%"
"24/04/2024","2.640","2.620","2.670","2.600","33,09M","1,54%"
"23/04/2024","2.600","2.550","2.630","2.530","39,42M","2,36%"
"22/04/2024","2.540","2.540","2.560","2.480","33,01M","0,00%"
"19/04/2024","2.540","2.560","2.570","2.470","43,65M","-2,31%"
"18/04/2024","2.600","2.510","2.620","2.510","60,71M","4,84%"
"17/04/2024","2.480","2.570","2.600","2.460","35,25M","-2,75%"
"16/04/2024","2.550","2.590","2.640","2.520","39,24M","-5,56%"
"05/04/2024","2.700","2.730","2.750","2.690","13,37M","-1,10%"
"04/04/2024","2.730","2.660","2.740","2.650","35,06M","3,41%"
"03/04/2024","2.640","2.690","2.690","2.590","24,10M","-1,86%"
"02/04/2024","2.690","2.550","2.700","2.510","68,90M","5,49%"
"01/04/2024","2.550","2.710","2.720","2.440","98,27M","-5,90%"
"28/03/2024","2.710","2.740","2.750","2.670","20,97M","-0,37%"
"27/03/2024","2.720","2.690","2.760","2.670","56,34M","1,49%"
"26/03/2024","2.680","2.680","2.680","2.630","19,79M","0,75%"
"25/03/2024","2.660","2.650","2.680","2.630","26,44M","1,14%"
"22/03/2024","2.630","2.680","2.680","2.620","21,44M","-1,87%"
"21/03/2024","2.680","2.690","2.720","2.660","21,91M","0,75%"
"20/03/2024","2.660","2.690","2.720","2.640","23,20M","0,00%"
"19/03/2024","2.660","2.650","2.730","2.640","57,09M","0,76%"
"18/03/2024","2.640","2.670","2.700","2.610","42,88M","-1,12%"
"15/03/2024","2.670","2.720","2.780","2.650","45,92M","-1,48%"
"14/03/2024","2.710","2.870","2.960","2.680","103,95M","-4,91%"
"13/03/2024","2.850","2.610","2.850","2.610","98,77M","9,62%"
"08/03/2024","2.600","2.500","2.620","2.470","74,01M","4,84%"
"07/03/2024","2.480","2.500","2.520","2.470","31,40M","0,40%"
"06/03/2024","2.470","2.430","2.480","2.400","25,25M","1,65%"
"05/03/2024","2.430","2.410","2.450","2.410","18,42M","0,83%"
"04/03/2024","2.410","2.420","2.450","2.380","22,41M","-0,41%"
"01/03/2024","2.420","2.470","2.480","2.370","27,76M","-2,02%"
"29/02/2024","2.470","2.490","2.520","2.430","23,42M","-0,40%"
"28/02/2024","2.480","2.530","2.540","2.470","30,28M","-1,20%"
"27/02/2024","2.510","2.420","2.550","2.400","53,29M","3,29%"
"26/02/2024","2.430","2.450","2.470","2.420","22,49M","-0,82%"
"23/02/2024","2.450","2.470","2.480","2.420","22,75M","-0,41%"
"22/02/2024","2.460","2.450","2.470","2.430","32,33M","0,82%"
"21/02/2024","2.440","2.480","2.500","2.400","66,84M","-1,61%"
"20/02/2024","2.480","2.400","2.500","2.360","76,88M","4,20%"
"19/02/2024","2.380","2.330","2.410","2.290","49,20M","2,15%"
"16/02/2024","2.330","2.390","2.410","2.310","39,39M","-2,51%"
"15/02/2024","2.390","2.400","2.450","2.380","74,11M","1,70%"
"13/02/2024","2.350","2.370","2.380","2.330","26,78M","-0,84%"
"12/02/2024","2.370","2.370","2.400","2.330","42,64M","0,42%"
"07/02/2024","2.360","2.310","2.380","2.310","36,87M","2,16%"
"06/02/2024","2.310","2.310","2.320","2.290","14,62M","0,00%"
"05/02/2024","2.310","2.320","2.350","2.290","40,63M","-0,43%"
"02/02/2024","2.320","2.310","2.400","2.290","59,98M","0,87%"
"01/02/2024","2.300","2.330","2.400","2.270","92,26M","-1,29%"
"31/01/2024","2.330","2.180","2.340","2.160","120,10M","6,88%"
"30/01/2024","2.180","2.140","2.180","2.120","47,84M","1,87%"
"29/01/2024","2.140","1.995","2.140","1.995","45,26M","7,27%"
"26/01/2024","1.995","2.040","2.060","1.965","45,80M","-2,21%"
"25/01/2024","2.040","2.070","2.130","2.030","27,55M","-1,45%"
"24/01/2024","2.070","2.160","2.170","2.050","51,02M","-4,17%"
"23/01/2024","2.160","2.100","2.190","2.090","98,83M","3,35%"
"22/01/2024","2.090","2.020","2.090","2.000","59,02M","3,98%"
"19/01/2024","2.010","2.030","2.040","1.995","29,85M","0,00%"
"18/01/2024","2.010","1.950","2.030","1.950","66,22M","3,08%"
"17/01/2024","1.950","1.930","1.965","1.920","50,36M","1,04%"
"16/01/2024","1.930","1.945","1.950","1.915","29,52M","-0,77%"
"15/01/2024","1.945","1.980","1.985","1.930","29,86M","-1,77%"
"12/01/2024","1.980","1.970","2.010","1.960","35,84M","0,51%"
"11/01/2024","1.970","1.940","2.050","1.940","64,96M","1,81%"
"10/01/2024","1.935","1.960","1.970","1.905","45,74M","-1,28%"
"09/01/2024","1.960","1.940","1.975","1.905","41,35M","1,82%"
"08/01/2024","1.925","1.900","2.010","1.900","106,68M","1,32%"
"05/01/2024","1.900","1.895","1.955","1.885","90,67M","0,26%"
"04/01/2024","1.895","1.795","1.895","1.780","85,59M","5,28%"
"03/01/2024","1.800","1.735","1.830","1.730","76,51M","3,45%"
"02/01/2024","1.740","1.740","1.745","1.710","13,12M","0,00%"
"29/12/2023","1.740","1.735","1.745","1.710","21,10M","0,00%"
"28/12/2023","1.740","1.695","1.745","1.685","23,22M","2,65%"
"27/12/2023","1.695","1.695","1.705","1.685","11,27M","0,00%"
"22/12/2023","1.695","1.690","1.725","1.685","9,42M","0,30%"
"21/12/2023","1.690","1.765","1.765","1.680","25,31M","-3,70%"
"20/12/2023","1.755","1.710","1.765","1.710","39,16M","2,93%"
"19/12/2023","1.705","1.700","1.710","1.690","6,12M","0,59%"
"18/12/2023","1.695","1.690","1.705","1.670","12,52M","-0,29%"
"15/12/2023","1.700","1.710","1.715","1.700","12,32M","-0,29%"
"14/12/2023","1.705","1.660","1.730","1.655","25,98M","3,65%"
"13/12/2023","1.645","1.645","1.660","1.635","8,92M","0,30%"
"12/12/2023","1.640","1.670","1.715","1.615","30,49M","-1,80%"
"11/12/2023","1.670","1.690","1.690","1.650","8,38M","-0,89%"
"08/12/2023","1.685","1.680","1.700","1.645","12,26M","0,00%"
"07/12/2023","1.685","1.740","1.740","1.660","30,03M","-3,16%"
"06/12/2023","1.740","1.715","1.780","1.710","52,01M","1,46%"
"05/12/2023","1.715","1.700","1.725","1.690","42,38M","0,88%"
"04/12/2023","1.700","1.675","1.715","1.675","37,66M","1,49%"
"01/12/2023","1.675","1.650","1.690","1.650","27,13M","1,21%"
"30/11/2023","1.655","1.645","1.670","1.645","22,18M","0,61%"
"29/11/2023","1.645","1.665","1.670","1.635","7,38M","-0,90%"
"28/11/2023","1.660","1.645","1.690","1.640","46,50M","0,91%"
"27/11/2023","1.645","1.655","1.685","1.640","18,61M","-0,60%"
"24/11/2023","1.655","1.630","1.680","1.630","49,07M","1,85%"
"23/11/2023","1.625","1.615","1.645","1.615","12,76M","0,62%"
"22/11/2023","1.615","1.640","1.640","1.610","7,90M","-1,52%"
"21/11/2023","1.640","1.635","1.650","1.615","13,76M","0,31%"
"20/11/2023","1.635","1.605","1.660","1.595","44,82M","1,87%"
"17/11/2023","1.605","1.545","1.620","1.540","54,12M","3,88%"
"16/11/2023","1.545","1.535","1.550","1.520","14,23M","0,65%"
"15/11/2023","1.535","1.500","1.550","1.500","21,03M","3,72%"
"14/11/2023","1.480","1.465","1.485","1.465","3,54M","1,37%"
"13/11/2023","1.460","1.465","1.475","1.455","5,99M","-0,34%"
"10/11/2023","1.465","1.480","1.490","1.460","3,65M","-0,68%"
"09/11/2023","1.475","1.470","1.485","1.460","6,08M","0,68%"
"08/11/2023","1.465","1.500","1.505","1.455","17,00M","-2,33%"
"07/11/2023","1.500","1.520","1.525","1.480","17,98M","-1,32%"
"06/11/2023","1.520","1.510","1.530","1.505","6,66M","1,00%"
"03/11/2023","1.505","1.520","1.520","1.495","7,95M","0,33%"
"02/11/2023","1.500","1.505","1.525","1.490","12,59M","0,67%"
"01/11/2023","1.490","1.505","1.515","1.485","8,83M","-0,67%"
"31/10/2023","1.500","1.515","1.535","1.485","10,42M","-0,66%"
"30/10/2023","1.510","1.530","1.535","1.510","8,71M","-1,31%"
"27/10/2023","1.530","1.515","1.535","1.505","3,75M","0,99%"
"26/10/2023","1.515","1.525","1.530","1.495","7,54M","-0,66%"
"25/10/2023","1.525","1.545","1.560","1.515","8,57M","-1,29%"
"24/10/2023","1.545","1.495","1.555","1.495","12,53M","3,69%"
"23/10/2023","1.490","1.520","1.520","1.475","11,06M","-1,97%"
"20/10/2023","1.520","1.510","1.535","1.450","18,18M","0,66%"
"19/10/2023","1.510","1.535","1.540","1.510","8,00M","-1,63%"
"18/10/2023","1.535","1.540","1.540","1.515","4,78M","-0,32%"
"17/10/2023","1.540","1.530","1.545","1.515","11,76M","0,98%"
"16/10/2023","1.525","1.530","1.540","1.515","12,05M","-0,97%"
"13/10/2023","1.540","1.585","1.585","1.530","16,55M","-2,84%"
"12/10/2023","1.585","1.560","1.595","1.560","21,79M","1,93%"
"11/10/2023","1.555","1.570","1.580","1.550","8,13M","-0,64%"
"10/10/2023","1.565","1.560","1.570","1.545","7,23M","0,32%"
"09/10/2023","1.560","1.540","1.565","1.540","12,90M","1,30%"
"06/10/2023","1.540","1.560","1.560","1.530","10,77M","-0,32%"
"05/10/2023","1.545","1.510","1.575","1.510","29,20M","2,32%"
"04/10/2023","1.510","1.540","1.545","1.500","39,81M","-1,95%"
"03/10/2023","1.540","1.615","1.625","1.540","56,62M","-4,64%"
"02/10/2023","1.615","1.625","1.640","1.610","10,38M","-0,62%"
"29/09/2023","1.625","1.620","1.630","1.605","14,79M","0,62%"
"27/09/2023","1.615","1.615","1.640","1.610","21,74M","0,62%"
"26/09/2023","1.605","1.620","1.635","1.600","28,59M","-0,93%"
"25/09/2023","1.620","1.640","1.650","1.615","22,67M","-1,22%"
"22/09/2023","1.640","1.650","1.670","1.630","28,78M","-0,61%"
"21/09/2023","1.650","1.720","1.730","1.650","61,87M","-3,79%"
"20/09/2023","1.715","1.635","1.735","1.630","103,54M","5,86%"
"19/09/2023","1.620","1.615","1.645","1.605","27,04M","0,93%"
"18/09/2023","1.605","1.655","1.655","1.600","28,72M","-3,02%"
"15/09/2023","1.655","1.660","1.670","1.650","12,27M","-0,30%"
"14/09/2023","1.660","1.665","1.670","1.645","16,81M","0,30%"
"13/09/2023","1.655","1.645","1.665","1.640","10,06M","0,91%"
"12/09/2023","1.640","1.655","1.660","1.635","9,83M","-0,91%"
"11/09/2023","1.655","1.640","1.655","1.640","6,42M","0,91%"
"08/09/2023","1.640","1.665","1.665","1.640","8,23M","0,00%"
"07/09/2023","1.640","1.660","1.675","1.630","19,61M","-1,20%"
"06/09/2023","1.660","1.650","1.670","1.650","14,88M","0,91%"
"05/09/2023","1.645","1.670","1.675","1.640","24,86M","-1,50%"
"04/09/2023","1.670","1.685","1.705","1.660","19,42M","-0,89%"
"01/09/2023","1.685","1.710","1.720","1.685","21,41M","-1,46%"
"31/08/2023","1.710","1.685","1.730","1.680","25,77M","1,48%"
"30/08/2023","1.685","1.690","1.700","1.685","9,40M","0,00%"
"29/08/2023","1.685","1.700","1.710","1.685","14,48M","-0,59%"
"28/08/2023","1.695","1.685","1.730","1.685","31,93M","0,59%"
"25/08/2023","1.685","1.680","1.690","1.670","8,25M","0,30%"
"24/08/2023","1.680","1.685","1.710","1.680","9,18M","-0,30%"
"23/08/2023","1.685","1.670","1.695","1.665","16,50M","0,90%"
"22/08/2023","1.670","1.705","1.710","1.660","25,46M","-1,76%"
"21/08/2023","1.700","1.710","1.720","1.695","13,91M","-0,58%"
"18/08/2023","1.710","1.700","1.715","1.700","13,91M","0,29%"
"16/08/2023","1.705","1.725","1.730","1.695","17,64M","-1,16%"
"15/08/2023","1.725","1.690","1.725","1.690","44,87M","2,37%"
"14/08/2023","1.685","1.645","1.700","1.645","22,91M","2,43%"
"11/08/2023","1.645","1.665","1.670","1.640","6,52M","-0,90%"
"10/08/2023","1.660","1.675","1.675","1.650","10,14M","-0,90%"
"09/08/2023","1.675","1.670","1.690","1.665","27,13M","0,30%"
"08/08/2023","1.670","1.670","1.680","1.660","12,93M","0,30%"
"07/08/2023","1.665","1.610","1.670","1.605","31,54M","3,42%"
"04/08/2023","1.610","1.610","1.620","1.605","10,78M","0,63%"
"03/08/2023","1.600","1.605","1.625","1.600","28,32M","-0,31%"
"02/08/2023","1.605","1.645","1.655","1.600","23,63M","-2,43%"
"01/08/2023","1.645","1.660","1.670","1.640","10,78M","-0,60%"
"31/07/2023","1.655","1.650","1.670","1.640","14,11M","0,30%"
"28/07/2023","1.650","1.660","1.670","1.650","9,80M","-0,60%"
"27/07/2023","1.660","1.670","1.695","1.655","14,90M","-0,30%"
"26/07/2023","1.665","1.665","1.685","1.660","19,14M","0,00%"
"25/07/2023","1.665","1.690","1.695","1.660","18,78M","-1,48%"
"24/07/2023","1.690","1.695","1.700","1.685","11,66M","0,00%"
"21/07/2023","1.690","1.680","1.695","1.680","12,18M","0,90%"
"20/07/2023","1.675","1.670","1.700","1.670","21,61M","0,30%"
"18/07/2023","1.670","1.680","1.695","1.665","21,02M","-0,60%"
"17/07/2023","1.680","1.695","1.710","1.680","29,88M","-0,88%"
"14/07/2023","1.695","1.710","1.720","1.690","14,70M","-0,59%"
"13/07/2023","1.705","1.740","1.745","1.670","48,57M","-2,01%"
"12/07/2023","1.740","1.720","1.745","1.710","21,45M","1,46%"
"11/07/2023","1.715","1.720","1.730","1.710","16,76M","0,00%"
"10/07/2023","1.715","1.735","1.745","1.710","20,19M","-1,15%"
"07/07/2023","1.735","1.710","1.765","1.705","25,89M","1,46%"
"06/07/2023","1.710","1.750","1.750","1.705","49,70M","-2,29%"
"05/07/2023","1.750","1.785","1.790","1.745","46,33M","-2,23%"
"04/07/2023","1.790","1.690","1.800","1.690","86,51M","5,92%"
"03/07/2023","1.690","1.690","1.715","1.680","27,94M","0,00%"
"27/06/2023","1.690","1.670","1.690","1.655","17,11M","1,50%"
"26/06/2023","1.665","1.680","1.690","1.655","12,92M","-0,89%"
"23/06/2023","1.680","1.705","1.720","1.680","36,05M","-0,59%"
"22/06/2023","1.690","1.645","1.710","1.645","36,49M","3,05%"
"21/06/2023","1.640","1.645","1.660","1.640","8,22M","-0,30%"
"20/06/2023","1.645","1.650","1.660","1.640","7,04M","-0,30%"
"19/06/2023","1.650","1.675","1.675","1.650","8,80M","-1,20%"
"16/06/2023","1.670","1.685","1.690","1.660","12,47M","-0,60%"
"15/06/2023","1.680","1.675","1.685","1.655","12,39M","0,60%"
"14/06/2023","1.670","1.660","1.675","1.635","20,71M","0,60%"
"13/06/2023","1.660","1.665","1.680","1.660","10,86M","-0,30%"
"12/06/2023","1.665","1.680","1.695","1.660","18,19M","-0,89%"
"09/06/2023","1.680","1.690","1.700","1.675","13,74M","-0,30%"
"08/06/2023","1.685","1.680","1.705","1.680","16,95M","-1,46%"
"07/06/2023","1.710","1.695","1.720","1.695","13,17M","0,88%"
"06/06/2023","1.695","1.735","1.735","1.675","24,26M","-2,31%"
"05/06/2023","1.735","1.730","1.765","1.730","13,25M","0,29%"
"31/05/2023","1.730","1.740","1.745","1.710","16,28M","-0,57%"
"30/05/2023","1.740","1.765","1.770","1.735","18,20M","-1,42%"
"29/05/2023","1.765","1.740","1.770","1.725","29,60M","1,73%"
"26/05/2023","1.735","1.700","1.745","1.695","23,16M","2,06%"
"25/05/2023","1.700","1.685","1.715","1.680","21,42M","1,19%"
"24/05/2023","1.680","1.670","1.700","1.660","22,99M","0,60%"
"23/05/2023","1.670","1.695","1.715","1.660","32,23M","-1,47%"
"22/05/2023","1.695","1.710","1.735","1.690","30,27M","-0,88%"
"19/05/2023","1.710","1.615","1.725","1.615","72,95M","6,88%"
"17/05/2023","1.600","1.530","1.640","1.530","115,84M","0,00%"
"16/05/2023","1.600","1.720","1.730","1.600","86,46M","-6,98%"
"15/05/2023","1.720","1.765","1.790","1.685","95,73M","-4,97%"
"12/05/2023","1.810","1.760","1.810","1.760","49,50M","3,13%"
"11/05/2023","1.755","1.795","1.795","1.755","45,99M","-2,23%"
"10/05/2023","1.795","1.750","1.815","1.740","87,60M","2,57%"
"09/05/2023","1.750","1.750","1.760","1.735","24,81M","-0,28%"
"08/05/2023","1.755","1.750","1.770","1.750","22,00M","0,29%"
"05/05/2023","1.750","1.750","1.775","1.730","44,52M","0,00%"
"04/05/2023","1.750","1.720","1.765","1.710","46,36M","2,04%"
"03/05/2023","1.715","1.690","1.720","1.690","23,00M","1,78%"
"02/05/2023","1.685","1.730","1.730","1.680","19,26M","-2,60%"
"28/04/2023","1.730","1.680","1.730","1.680","33,40M","3,28%"
"27/04/2023","1.675","1.715","1.740","1.665","38,92M","-1,76%"
"26/04/2023","1.705","1.730","1.740","1.690","22,28M","-1,45%"
"18/04/2023","1.730","1.745","1.760","1.705","33,58M","-0,29%"
"17/04/2023","1.735","1.785","1.795","1.735","22,49M","-2,80%"
"14/04/2023","1.785","1.730","1.810","1.730","60,19M","3,78%"
"13/04/2023","1.720","1.770","1.775","1.715","28,68M","-3,10%"
"12/04/2023","1.775","1.780","1.785","1.735","22,41M","-0,28%"
"11/04/2023","1.780","1.805","1.810","1.770","28,55M","-1,39%"
"10/04/2023","1.805","1.810","1.810","1.755","39,29M","-0,28%"
"06/04/2023","1.810","1.750","1.820","1.735","89,13M","3,43%"
"05/04/2023","1.750","1.680","1.765","1.670","103,32M","4,79%"
"04/04/2023","1.670","1.700","1.705","1.660","17,26M","-1,47%"
"03/04/2023","1.695","1.690","1.695","1.655","28,35M","0,89%"
"31/03/2023","1.680","1.650","1.700","1.650","42,91M","2,44%"
"30/03/2023","1.640","1.700","1.705","1.640","42,68M","-3,53%"
"29/03/2023","1.700","1.635","1.710","1.635","96,91M","4,29%"
"28/03/2023","1.630","1.615","1.640","1.610","28,13M","1,24%"
"27/03/2023","1.610","1.615","1.620","1.590","17,81M","0,00%"
"24/03/2023","1.610","1.580","1.650","1.575","37,37M","1,90%"
"21/03/2023","1.580","1.575","1.595","1.570","9,80M","0,96%"
"20/03/2023","1.565","1.630","1.645","1.560","30,42M","-3,99%"
"17/03/2023","1.630","1.590","1.635","1.565","58,22M","3,16%"
"16/03/2023","1.580","1.525","1.580","1.495","42,14M","3,95%"
"15/03/2023","1.520","1.525","1.545","1.505","15,86M","0,33%"
"14/03/2023","1.515","1.580","1.580","1.490","55,03M","-4,11%"
"13/03/2023","1.580","1.555","1.585","1.535","18,79M","0,96%"
"10/03/2023","1.565","1.590","1.590","1.555","15,33M","-1,88%"
"09/03/2023","1.595","1.560","1.600","1.555","24,84M","2,57%"
"08/03/2023","1.555","1.600","1.605","1.550","26,65M","-2,51%"
"07/03/2023","1.595","1.565","1.605","1.555","54,01M","1,92%"
"06/03/2023","1.565","1.580","1.585","1.530","29,15M","0,00%"
"03/03/2023","1.565","1.570","1.590","1.550","21,36M","0,00%"
"02/03/2023","1.565","1.595","1.625","1.555","39,84M","-1,88%"
"01/03/2023","1.595","1.520","1.595","1.515","58,72M","4,93%"
"28/02/2023","1.520","1.500","1.540","1.445","122,69M","0,00%"
"27/02/2023","1.520","1.625","1.625","1.520","72,61M","-6,75%"
"24/02/2023","1.630","1.625","1.640","1.595","66,90M","0,31%"
"23/02/2023","1.625","1.560","1.630","1.480","177,89M","2,52%"
"22/02/2023","1.585","1.690","1.720","1.585","116,82M","-6,76%"
"21/02/2023","1.700","1.705","1.745","1.685","75,26M","-0,29%"
"20/02/2023","1.705","1.720","1.735","1.660","101,84M","-0,58%"
"17/02/2023","1.715","1.625","1.735","1.585","201,69M","5,54%"
"16/02/2023","1.625","1.610","1.705","1.600","235,29M","0,93%"
"15/02/2023","1.610","1.390","1.610","1.370","262,14M","15,83%"
"14/02/2023","1.390","1.370","1.395","1.365","31,94M","1,83%"
"13/02/2023","1.365","1.325","1.370","1.325","32,72M","3,02%"
"10/02/2023","1.325","1.315","1.330","1.310","24,21M","0,76%"
"09/02/2023","1.315","1.335","1.345","1.315","13,10M","-1,50%"
"08/02/2023","1.335","1.335","1.350","1.335","10,78M","0,38%"
"07/02/2023","1.330","1.315","1.335","1.315","15,94M","1,14%"
"06/02/2023","1.315","1.360","1.365","1.300","32,76M","-3,31%"
"03/02/2023","1.360","1.350","1.375","1.345","22,81M","0,74%"
"02/02/2023","1.350","1.360","1.370","1.345","21,06M","0,37%"
"01/02/2023","1.345","1.340","1.365","1.340","31,91M","0,75%"
"31/01/2023","1.335","1.390","1.395","1.330","35,15M","-3,26%"
"30/01/2023","1.380","1.390","1.415","1.360","48,51M","-0,72%"
"27/01/2023","1.390","1.420","1.425","1.390","54,43M","-2,11%"
"26/01/2023","1.420","1.375","1.445","1.375","98,94M","3,27%"
"25/01/2023","1.375","1.375","1.385","1.360","13,35M","0,00%"
"24/01/2023","1.375","1.385","1.390","1.350","25,28M","-0,72%"
"20/01/2023","1.385","1.340","1.395","1.335","40,68M","3,36%"
"19/01/2023","1.340","1.350","1.355","1.335","8,50M","-0,74%"
"18/01/2023","1.350","1.355","1.365","1.335","8,69M","0,00%"
"17/01/2023","1.350","1.335","1.380","1.330","22,16M","1,50%"
"16/01/2023","1.330","1.320","1.350","1.310","13,82M","0,76%"
"13/01/2023","1.320","1.335","1.345","1.310","9,10M","-0,75%"
"12/01/2023","1.330","1.340","1.365","1.320","27,77M","-0,37%"
"11/01/2023","1.335","1.325","1.340","1.285","23,00M","0,75%"
"10/01/2023","1.325","1.365","1.370","1.305","19,06M","-2,93%"
"09/01/2023","1.365","1.400","1.405","1.350","29,35M","-1,80%"
"06/01/2023","1.390","1.330","1.415","1.320","43,88M","4,12%"
"05/01/2023","1.335","1.385","1.390","1.330","35,94M","-3,61%"
"04/01/2023","1.385","1.390","1.425","1.385","58,31M","-0,72%"
"03/01/2023","1.395","1.285","1.395","1.280","69,76M","8,56%"
"02/01/2023","1.285","1.300","1.305","1.265","11,08M","-0,39%"
"30/12/2022","1.290","1.295","1.310","1.270","18,92M","0,00%"
"29/12/2022","1.290","1.280","1.300","1.260","20,03M","1,57%"
"28/12/2022","1.270","1.280","1.310","1.255","35,36M","-0,78%"
"27/12/2022","1.280","1.320","1.365","1.255","58,14M","-2,29%"
"26/12/2022","1.310","1.220","1.355","1.220","78,61M","7,82%"
"23/12/2022","1.215","1.220","1.265","1.205","64,48M","-0,41%"
"22/12/2022","1.220","1.155","1.240","1.145","69,74M","6,09%"
"21/12/2022","1.150","1.100","1.200","1.100","62,96M","4,55%"
"20/12/2022","1.100","1.120","1.140","1.095","29,50M","-1,79%"
"19/12/2022","1.120","1.200","1.200","1.120","33,10M","-6,67%"
"16/12/2022","1.200","1.205","1.220","1.200","11,92M","-0,83%"
"15/12/2022","1.210","1.215","1.230","1.200","6,96M","-0,41%"
"14/12/2022","1.215","1.285","1.285","1.200","21,42M","-3,80%"
"13/12/2022","1.263","1.214","1.263","1.214","20,84M","4,01%"
"12/12/2022","1.214","1.200","1.219","1.175","8,34M","1,23%"
"09/12/2022","1.200","1.229","1.239","1.195","8,22M","-2,77%"
"08/12/2022","1.234","1.219","1.258","1.156","23,74M","-0,39%"
"07/12/2022","1.239","1.263","1.268","1.239","3,92M","-1,93%"
"06/12/2022","1.263","1.278","1.278","1.253","5,51M","-1,15%"
"05/12/2022","1.278","1.287","1.302","1.278","3,77M","-0,75%"
"02/12/2022","1.287","1.292","1.297","1.278","5,10M","-0,38%"
"01/12/2022","1.292","1.302","1.307","1.287","5,01M","-0,75%"
"30/11/2022","1.302","1.297","1.312","1.297","4,65M","0,37%"
"29/11/2022","1.297","1.322","1.326","1.292","7,04M","-2,20%"
"28/11/2022","1.326","1.331","1.336","1.317","4,77M","-0,73%"
"25/11/2022","1.336","1.365","1.365","1.331","2,73M","-1,08%"
"24/11/2022","1.351","1.351","1.365","1.351","4,12M","0,36%"
"23/11/2022","1.346","1.326","1.346","1.326","6,62M","1,47%"
"22/11/2022","1.326","1.326","1.331","1.322","2,51M","0,00%"
"21/11/2022","1.326","1.341","1.341","1.326","2,34M","0,37%"
"18/11/2022","1.322","1.322","1.346","1.317","7,41M","-0,37%"
"17/11/2022","1.326","1.326","1.331","1.317","4,60M","0,00%"
"16/11/2022","1.326","1.341","1.346","1.322","4,72M","-1,09%"
"15/11/2022","1.341","1.341","1.351","1.336","4,09M","-0,36%"
"14/11/2022","1.346","1.346","1.356","1.336","7,91M","0,37%"
"11/11/2022","1.341","1.346","1.365","1.336","7,46M","0,00%"
"10/11/2022","1.341","1.341","1.341","1.322","5,56M","0,00%"
"09/11/2022","1.341","1.341","1.346","1.331","6,66M","0,00%"
"08/11/2022","1.341","1.356","1.361","1.341","4,55M","-0,73%"
"07/11/2022","1.351","1.365","1.365","1.346","8,65M","-0,72%"
"04/11/2022","1.361","1.356","1.365","1.341","8,40M","0,36%"
"03/11/2022","1.356","1.395","1.395","1.341","16,76M","-2,45%"
"02/11/2022","1.390","1.375","1.404","1.375","12,52M","1,42%"
"01/11/2022","1.370","1.370","1.400","1.370","13,48M","0,36%"
"31/10/2022","1.365","1.365","1.380","1.361","6,46M","0,35%"
"28/10/2022","1.361","1.365","1.409","1.356","15,80M","1,09%"
"27/10/2022","1.346","1.346","1.370","1.346","6,31M","0,37%"
"26/10/2022","1.341","1.361","1.361","1.326","6,93M","-1,44%"
"25/10/2022","1.361","1.365","1.400","1.356","16,58M","0,00%"
"24/10/2022","1.361","1.326","1.375","1.326","18,21M","3,72%"
"21/10/2022","1.312","1.283","1.356","1.273","22,39M","3,46%"
"20/10/2022","1.268","1.268","1.307","1.263","12,23M","0,00%"
"19/10/2022","1.268","1.283","1.326","1.258","14,53M","-1,14%"
"18/10/2022","1.283","1.268","1.292","1.268","11,47M","1,54%"
"17/10/2022","1.263","1.278","1.287","1.234","10,06M","-1,15%"
"14/10/2022","1.278","1.317","1.341","1.273","13,50M","-2,60%"
"13/10/2022","1.312","1.336","1.341","1.307","8,55M","-2,18%"
"12/10/2022","1.341","1.380","1.380","1.326","14,07M","-2,83%"
"11/10/2022","1.380","1.409","1.419","1.375","9,86M","-2,07%"
"10/10/2022","1.409","1.424","1.424","1.404","5,65M","-1,03%"
"07/10/2022","1.424","1.453","1.453","1.419","10,23M","-2,01%"
"06/10/2022","1.453","1.453","1.483","1.448","7,88M","0,00%"
"05/10/2022","1.453","1.453","1.468","1.453","4,19M","0,00%"
"04/10/2022","1.453","1.473","1.483","1.448","6,88M","-0,67%"
"03/10/2022","1.463","1.434","1.478","1.434","14,33M","2,04%"
"30/09/2022","1.434","1.458","1.463","1.365","22,91M","-2,32%"
"29/09/2022","1.468","1.502","1.522","1.468","11,36M","-1,96%"
"28/09/2022","1.497","1.502","1.507","1.483","9,07M","-0,97%"
"27/09/2022","1.512","1.517","1.531","1.483","10,60M","-0,64%"
"26/09/2022","1.522","1.541","1.551","1.502","24,62M","-0,95%"
"23/09/2022","1.536","1.502","1.556","1.497","50,59M","2,94%"
"22/09/2022","1.492","1.478","1.497","1.468","11,44M","0,99%"
"21/09/2022","1.478","1.497","1.497","1.468","8,29M","-0,98%"
"20/09/2022","1.492","1.497","1.502","1.478","7,27M","0,33%"
"19/09/2022","1.487","1.497","1.502","1.473","7,91M","-0,65%"
"16/09/2022","1.497","1.497","1.522","1.473","23,17M","0,33%"
"15/09/2022","1.492","1.434","1.512","1.434","31,82M","4,44%"
"14/09/2022","1.429","1.429","1.439","1.419","12,21M","-0,34%"
"13/09/2022","1.434","1.444","1.453","1.434","12,35M","-0,68%"
"12/09/2022","1.444","1.448","1.463","1.444","6,50M","-0,33%"
"09/09/2022","1.448","1.468","1.468","1.448","9,97M","-1,33%"
"08/09/2022","1.468","1.468","1.473","1.463","5,05M","0,33%"
"07/09/2022","1.463","1.473","1.487","1.463","8,28M","-0,66%"
"06/09/2022","1.473","1.473","1.478","1.468","4,71M","0,33%"
"05/09/2022","1.468","1.473","1.478","1.463","5,95M","-0,33%"
"02/09/2022","1.473","1.492","1.492","1.473","6,30M","-0,66%"
"01/09/2022","1.483","1.483","1.492","1.478","3,40M","0,00%"
"31/08/2022","1.483","1.487","1.497","1.478","4,52M","0,00%"
"30/08/2022","1.483","1.497","1.512","1.483","8,05M","-0,98%"
"29/08/2022","1.497","1.458","1.502","1.424","14,41M","0,33%"
"26/08/2022","1.492","1.502","1.526","1.492","14,42M","0,33%"
"25/08/2022","1.487","1.497","1.512","1.473","11,17M","-0,33%"
"24/08/2022","1.492","1.517","1.526","1.487","14,84M","-1,29%"
"23/08/2022","1.512","1.531","1.546","1.502","16,37M","-1,27%"
"22/08/2022","1.531","1.565","1.604","1.522","32,69M","-2,18%"
"19/08/2022","1.565","1.507","1.570","1.507","34,52M","4,22%"
"18/08/2022","1.502","1.487","1.526","1.487","10,74M","0,99%"
"16/08/2022","1.487","1.512","1.522","1.487","7,00M","-1,30%"
"15/08/2022","1.507","1.526","1.536","1.507","7,26M","-1,28%"
"12/08/2022","1.526","1.536","1.546","1.512","7,39M","-0,31%"
"11/08/2022","1.531","1.512","1.536","1.512","8,81M","1,94%"
"10/08/2022","1.502","1.512","1.526","1.502","6,72M","-0,33%"
"09/08/2022","1.507","1.526","1.556","1.483","18,04M","-1,28%"
"08/08/2022","1.526","1.551","1.561","1.517","12,06M","-1,57%"
"05/08/2022","1.551","1.556","1.561","1.541","8,90M","0,00%"
"04/08/2022","1.551","1.541","1.590","1.541","18,25M","1,27%"
"03/08/2022","1.531","1.478","1.546","1.478","12,04M","0,31%"
"02/08/2022","1.526","1.595","1.600","1.517","29,42M","-4,28%"
"01/08/2022","1.595","1.595","1.619","1.595","14,40M","0,00%"
"29/07/2022","1.595","1.634","1.668","1.595","39,67M","-2,39%"
"28/07/2022","1.634","1.585","1.639","1.585","43,15M","3,39%"
"27/07/2022","1.580","1.600","1.634","1.580","57,62M","-0,92%"
"26/07/2022","1.595","1.570","1.629","1.565","48,29M","2,83%"
"25/07/2022","1.551","1.517","1.580","1.512","35,06M","2,58%"
"22/07/2022","1.512","1.512","1.526","1.502","13,20M","0,00%"
"21/07/2022","1.512","1.541","1.541","1.473","26,62M","1,31%"
"20/07/2022","1.492","1.478","1.517","1.478","20,10M","0,99%"
"19/07/2022","1.478","1.478","1.526","1.468","38,36M","0,00%"
"18/07/2022","1.478","1.424","1.507","1.424","59,16M","4,12%"
"15/07/2022","1.419","1.385","1.453","1.380","41,85M","2,47%"
"14/07/2022","1.385","1.380","1.434","1.336","27,03M","0,35%"
"13/07/2022","1.380","1.463","1.487","1.380","53,79M","-6,91%"
"12/07/2022","1.483","1.224","1.507","1.205","148,21M","21,12%"
"11/07/2022","1.224","1.229","1.248","1.224","2,92M","0,00%"
"08/07/2022","1.224","1.214","1.224","1.205","4,04M","1,62%"
"07/07/2022","1.205","1.180","1.209","1.180","5,18M","2,07%"
"06/07/2022","1.180","1.175","1.190","1.170","5,53M","0,42%"
"05/07/2022","1.175","1.175","1.200","1.170","9,10M","0,00%"
"04/07/2022","1.175","1.248","1.263","1.170","23,29M","-6,23%"
"01/07/2022","1.253","1.307","1.312","1.253","14,59M","-4,10%"
"30/06/2022","1.307","1.317","1.322","1.307","5,58M","-0,74%"
"29/06/2022","1.317","1.322","1.326","1.317","5,70M","-0,36%"
"28/06/2022","1.322","1.326","1.336","1.322","4,45M","-0,37%"
"27/06/2022","1.326","1.375","1.375","1.326","8,41M","-1,09%"
"24/06/2022","1.341","1.346","1.346","1.336","8,25M","0,00%"
"23/06/2022","1.341","1.351","1.351","1.331","6,76M","-0,73%"
"22/06/2022","1.351","1.356","1.361","1.341","5,64M","-0,36%"
"21/06/2022","1.356","1.351","1.361","1.346","4,82M","0,36%"
"20/06/2022","1.351","1.419","1.419","1.336","8,33M","-0,72%"
"17/06/2022","1.361","1.385","1.395","1.361","7,80M","-1,75%"
"16/06/2022","1.385","1.380","1.404","1.380","6,82M","0,35%"
"15/06/2022","1.380","1.380","1.390","1.375","5,06M","0,00%"
"14/06/2022","1.380","1.380","1.390","1.375","4,59M","-0,35%"
"13/06/2022","1.385","1.400","1.400","1.375","6,54M","-1,73%"
"10/06/2022","1.409","1.419","1.419","1.385","10,28M","-0,69%"
"09/06/2022","1.419","1.424","1.439","1.414","5,55M","-0,34%"
"08/06/2022","1.424","1.424","1.429","1.414","5,02M","0,00%"
"07/06/2022","1.424","1.458","1.463","1.419","7,19M","-1,68%"
"06/06/2022","1.448","1.463","1.473","1.434","10,16M","-0,34%"
"03/06/2022","1.453","1.414","1.492","1.414","26,77M","2,76%"
"02/06/2022","1.414","1.404","1.429","1.404","8,64M","0,70%"
"31/05/2022","1.404","1.419","1.424","1.400","7,78M","0,34%"
"30/05/2022","1.400","1.439","1.439","1.395","9,43M","-1,71%"
"27/05/2022","1.424","1.385","1.458","1.385","14,55M","3,18%"
"25/05/2022","1.380","1.385","1.400","1.380","5,32M","-0,35%"
"24/05/2022","1.385","1.380","1.404","1.375","5,53M","0,35%"
"23/05/2022","1.380","1.404","1.414","1.380","5,13M","-1,73%"
"20/05/2022","1.404","1.380","1.414","1.380","5,48M","1,76%"
"19/05/2022","1.380","1.414","1.414","1.380","7,37M","-2,07%"
"18/05/2022","1.409","1.434","1.434","1.404","5,48M","0,00%"
"17/05/2022","1.409","1.404","1.434","1.400","7,56M","0,69%"
"13/05/2022","1.400","1.375","1.409","1.307","17,47M","1,77%"
"12/05/2022","1.375","1.483","1.483","1.375","22,94M","-6,93%"
"11/05/2022","1.478","1.487","1.497","1.473","9,67M","-0,33%"
"10/05/2022","1.483","1.483","1.483","1.444","21,85M","0,00%"
"09/05/2022","1.483","1.541","1.565","1.478","17,18M","-3,80%"
"28/04/2022","1.541","1.512","1.546","1.497","17,43M","3,27%"
"27/04/2022","1.492","1.492","1.507","1.483","5,23M","0,00%"
"26/04/2022","1.492","1.473","1.492","1.473","5,81M","1,32%"
"25/04/2022","1.473","1.473","1.492","1.468","9,84M","-1,63%"
"22/04/2022","1.497","1.522","1.522","1.487","6,25M","-1,60%"
"21/04/2022","1.522","1.526","1.536","1.517","7,58M","0,32%"
"20/04/2022","1.517","1.536","1.541","1.507","24,42M","-1,27%"
"19/04/2022","1.536","1.634","1.634","1.536","15,27M","-2,48%"
"18/04/2022","1.575","1.522","1.580","1.497","24,04M","3,52%"
"14/04/2022","1.522","1.468","1.536","1.468","21,44M","3,66%"
"13/04/2022","1.468","1.468","1.487","1.468","7,36M","0,00%"
"12/04/2022","1.468","1.512","1.512","1.463","12,22M","-0,66%"
"11/04/2022","1.478","1.487","1.497","1.463","17,55M","-0,65%"
"08/04/2022","1.487","1.487","1.507","1.487","6,15M","0,00%"
"07/04/2022","1.487","1.512","1.512","1.473","10,25M","0,99%"
"06/04/2022","1.473","1.531","1.536","1.473","30,16M","-3,82%"
"05/04/2022","1.531","1.634","1.634","1.531","11,46M","-0,95%"
"04/04/2022","1.546","1.565","1.575","1.541","10,63M","-1,25%"
"01/04/2022","1.565","1.565","1.580","1.565","6,37M","0,00%"
"31/03/2022","1.565","1.580","1.585","1.565","5,99M","-0,92%"
"30/03/2022","1.580","1.575","1.590","1.565","9,50M","0,31%"
"29/03/2022","1.575","1.609","1.609","1.570","5,37M","0,00%"
"28/03/2022","1.575","1.595","1.595","1.570","5,04M","0,31%"
"25/03/2022","1.570","1.473","1.585","1.473","6,68M","-0,62%"
"24/03/2022","1.580","1.502","1.590","1.502","9,32M","0,00%"
"23/03/2022","1.580","1.604","1.604","1.575","10,13M","-0,62%"
"22/03/2022","1.590","1.604","1.604","1.575","5,27M","0,93%"
"21/03/2022","1.575","1.653","1.653","1.570","9,58M","0,00%"
"18/03/2022","1.575","1.604","1.609","1.575","15,51M","-1,83%"
"17/03/2022","1.604","1.614","1.634","1.600","16,85M","-0,60%"
"16/03/2022","1.614","1.629","1.643","1.609","11,32M","-0,60%"
"15/03/2022","1.624","1.643","1.668","1.624","19,50M","-1,19%"
"14/03/2022","1.643","1.629","1.653","1.629","9,15M","0,90%"
"11/03/2022","1.629","1.658","1.658","1.624","10,04M","-1,76%"
"10/03/2022","1.658","1.653","1.673","1.639","11,72M","0,59%"
"09/03/2022","1.648","1.614","1.663","1.604","11,59M","2,42%"
"08/03/2022","1.609","1.600","1.673","1.600","19,79M","-2,07%"
"07/03/2022","1.643","1.702","1.702","1.629","24,42M","-3,16%"
"04/03/2022","1.697","1.731","1.751","1.692","19,38M","-1,98%"
"02/03/2022","1.731","1.751","1.780","1.697","62,31M","-1,11%"
"01/03/2022","1.751","1.624","1.775","1.624","99,13M","7,81%"
"25/02/2022","1.624","1.570","1.639","1.541","21,71M","3,10%"
"24/02/2022","1.575","1.692","1.692","1.570","48,85M","-6,65%"
"23/02/2022","1.687","1.682","1.707","1.678","15,57M","0,29%"
"22/02/2022","1.682","1.712","1.712","1.663","29,92M","-1,71%"
"21/02/2022","1.712","1.658","1.731","1.658","48,79M","3,24%"
"18/02/2022","1.658","1.600","1.673","1.595","34,26M","3,66%"
"17/02/2022","1.600","1.614","1.624","1.590","6,38M","-0,90%"
"16/02/2022","1.614","1.609","1.639","1.600","18,54M","0,30%"
"15/02/2022","1.609","1.575","1.619","1.565","10,61M","2,17%"
"14/02/2022","1.575","1.629","1.639","1.570","15,89M","-3,30%"
"11/02/2022","1.629","1.629","1.639","1.590","9,47M","0,00%"
"10/02/2022","1.629","1.634","1.673","1.619","27,73M","-0,29%"
"09/02/2022","1.634","1.624","1.643","1.609","13,65M","0,90%"
"08/02/2022","1.619","1.609","1.653","1.609","35,93M","0,91%"
"07/02/2022","1.604","1.546","1.619","1.531","32,31M","4,11%"
"04/02/2022","1.541","1.556","1.556","1.522","13,11M","-0,32%"
"03/02/2022","1.546","1.512","1.604","1.512","53,56M","2,59%"
"02/02/2022","1.507","1.551","1.551","1.492","16,76M","0,00%"
"31/01/2022","1.507","1.483","1.565","1.483","28,25M","1,65%"
"28/01/2022","1.483","1.487","1.507","1.473","12,04M","1,00%"
"27/01/2022","1.468","1.473","1.517","1.468","11,48M","-0,66%"
"26/01/2022","1.478","1.463","1.487","1.463","8,06M","0,33%"
"25/01/2022","1.473","1.512","1.512","1.468","8,42M","-2,58%"
"24/01/2022","1.512","1.522","1.522","1.497","6,38M","-0,32%"
"21/01/2022","1.517","1.512","1.526","1.483","8,79M","0,32%"
"20/01/2022","1.512","1.473","1.541","1.463","24,41M","2,99%"
"19/01/2022","1.468","1.458","1.502","1.444","13,48M","0,67%"
"18/01/2022","1.458","1.502","1.522","1.429","30,52M","-2,92%"
"17/01/2022","1.502","1.546","1.556","1.497","17,63M","-2,84%"
"14/01/2022","1.546","1.575","1.580","1.512","19,08M","-1,85%"
"13/01/2022","1.575","1.590","1.595","1.497","41,34M","-0,31%"
"12/01/2022","1.580","1.702","1.712","1.580","38,55M","-6,89%"
"11/01/2022","1.697","1.721","1.726","1.697","11,17M","-1,14%"
"10/01/2022","1.717","1.702","1.765","1.697","24,49M","0,86%"
"07/01/2022","1.702","1.702","1.717","1.687","12,88M","0,00%"
"06/01/2022","1.702","1.746","1.756","1.692","24,87M","-2,51%"
"05/01/2022","1.746","1.756","1.795","1.741","13,92M","-0,28%"
"04/01/2022","1.751","1.736","1.765","1.731","8,30M","0,84%"
"03/01/2022","1.736","1.736","1.756","1.736","6,12M","0,00%"
"30/12/2021","1.736","1.746","1.760","1.736","6,02M","-0,56%"
"29/12/2021","1.746","1.756","1.765","1.736","7,13M","-0,56%"
"28/12/2021","1.756","1.819","1.834","1.756","22,68M","-3,22%"
"27/12/2021","1.814","1.751","1.843","1.751","25,28M","3,62%"
"24/12/2021","1.751","1.726","1.765","1.717","12,46M","1,41%"
"23/12/2021","1.726","1.736","1.736","1.721","6,34M","0,28%"
"22/12/2021","1.721","1.741","1.751","1.721","14,36M","-1,12%"
"21/12/2021","1.741","1.756","1.790","1.731","18,58M","-0,84%"
"20/12/2021","1.756","1.790","1.799","1.756","13,65M","-1,91%"
"17/12/2021","1.790","1.799","1.799","1.780","10,65M","-0,54%"
"16/12/2021","1.799","1.824","1.839","1.785","14,17M","-1,34%"
"15/12/2021","1.824","1.834","1.848","1.819","7,54M","-0,53%"
"14/12/2021","1.834","1.848","1.858","1.824","9,08M","-0,79%"
"13/12/2021","1.848","1.868","1.873","1.848","7,90M","-0,53%"
"10/12/2021","1.858","1.878","1.878","1.853","6,18M","0,26%"
"09/12/2021","1.853","1.873","1.887","1.843","12,53M","-0,78%"
"08/12/2021","1.868","1.824","1.902","1.824","33,87M","2,68%"
"07/12/2021","1.819","1.843","1.858","1.819","16,45M","-0,80%"
"06/12/2021","1.834","1.829","1.848","1.804","15,75M","0,27%"
"03/12/2021","1.829","1.765","1.863","1.765","30,55M","3,59%"
"02/12/2021","1.765","1.809","1.814","1.760","39,14M","-2,43%"
"01/12/2021","1.809","1.902","1.912","1.804","52,25M","-5,11%"
"30/11/2021","1.907","1.917","1.936","1.897","22,27M","-0,51%"
"29/11/2021","1.917","1.951","1.970","1.892","49,40M","-2,24%"
"26/11/2021","1.960","1.999","2.009","1.951","27,52M","-1,95%"
"25/11/2021","1.999","1.999","2.019","1.999","13,15M","0,00%"
"24/11/2021","1.999","1.999","2.009","1.990","9,29M","0,00%"
"23/11/2021","1.999","2.009","2.019","1.990","15,00M","-0,48%"
"22/11/2021","2.009","2.019","2.029","1.990","29,72M","-0,49%"
"19/11/2021","2.019","2.048","2.048","2.009","16,02M","0,00%"
"18/11/2021","2.019","2.029","2.048","2.009","16,35M","-0,48%"
"17/11/2021","2.029","2.048","2.058","2.019","14,07M","-0,48%"
"16/11/2021","2.038","2.019","2.077","2.009","39,05M","0,97%"
"15/11/2021","2.019","2.009","2.029","2.009","10,76M","0,49%"
"12/11/2021","2.009","2.029","2.038","2.009","14,50M","-0,49%"
"11/11/2021","2.019","2.029","2.038","2.009","17,11M","-0,48%"
"10/11/2021","2.029","2.029","2.038","2.019","10,14M","0,00%"
"09/11/2021","2.029","2.038","2.058","2.019","21,13M","-0,48%"
"08/11/2021","2.038","2.038","2.087","2.029","47,77M","0,48%"
"05/11/2021","2.029","2.019","2.048","2.009","16,40M","0,97%"
"04/11/2021","2.009","2.038","2.068","2.009","45,01M","-1,44%"
"03/11/2021","2.038","2.029","2.048","2.009","16,11M","0,97%"
"02/11/2021","2.019","2.038","2.058","1.999","22,22M","-0,96%"
"01/11/2021","2.038","2.058","2.077","2.029","16,72M","-0,95%"
"29/10/2021","2.058","2.048","2.077","2.029","26,79M","1,44%"
"28/10/2021","2.029","2.087","2.097","2.009","52,04M","-2,81%"
"27/10/2021","2.087","2.107","2.116","2.077","17,09M","-0,46%"
"26/10/2021","2.097","2.087","2.146","2.077","36,38M","0,94%"
"25/10/2021","2.077","2.126","2.136","2.077","25,35M","-1,39%"
"22/10/2021","2.107","2.107","2.146","2.068","26,53M","0,47%"
"21/10/2021","2.097","2.165","2.204","2.087","74,03M","-2,71%"
"19/10/2021","2.155","2.204","2.234","2.136","65,43M","-1,78%"
"18/10/2021","2.194","2.077","2.234","2.077","151,32M","5,63%"
"15/10/2021","2.077","2.029","2.097","2.029","42,89M","1,91%"
"14/10/2021","2.038","2.029","2.087","2.029","35,93M","0,48%"
"13/10/2021","2.029","2.048","2.068","2.019","27,35M","0,00%"
"12/10/2021","2.029","2.058","2.068","2.019","26,48M","-0,48%"
"11/10/2021","2.038","2.097","2.107","2.019","47,01M","-2,79%"
"08/10/2021","2.097","2.107","2.126","2.058","31,12M","0,46%"
"07/10/2021","2.087","2.165","2.214","2.087","80,36M","-2,73%"
"06/10/2021","2.146","2.048","2.185","2.029","162,88M","5,77%"
"05/10/2021","2.029","2.097","2.097","2.029","25,15M","-1,89%"
"04/10/2021","2.068","1.990","2.107","1.990","74,61M","3,93%"
"01/10/2021","1.990","1.990","2.009","1.960","27,17M","0,00%"
"30/09/2021","1.990","1.999","2.029","1.960","32,27M","0,00%"
"29/09/2021","1.990","1.999","2.009","1.951","35,75M","-0,97%"
"28/09/2021","2.009","2.029","2.038","1.999","17,63M","-0,49%"
"27/09/2021","2.019","2.058","2.087","2.019","26,75M","-1,90%"
"24/09/2021","2.058","2.087","2.116","2.048","34,69M","-1,40%"
"23/09/2021","2.087","2.068","2.107","2.038","39,49M","1,42%"
"22/09/2021","2.058","2.019","2.068","2.009","17,16M","1,93%"
"21/09/2021","2.019","2.029","2.058","1.980","12,74M","-0,48%"
"20/09/2021","2.029","2.087","2.097","2.019","25,23M","-3,26%"
"17/09/2021","2.097","2.097","2.126","2.068","42,41M","0,00%"
"16/09/2021","2.097","2.077","2.165","2.038","78,90M","2,87%"
"15/09/2021","2.038","2.068","2.077","2.038","19,47M","-1,42%"
"14/09/2021","2.068","2.107","2.116","2.048","36,91M","-0,47%"
"13/09/2021","2.077","2.038","2.077","2.019","38,99M","1,91%"
"10/09/2021","2.038","1.990","2.068","1.980","33,46M","2,45%"
"09/09/2021","1.990","2.019","2.038","1.951","36,12M","-1,45%"
"08/09/2021","2.019","2.058","2.077","2.019","25,90M","-1,90%"
"07/09/2021","2.058","2.077","2.116","2.058","27,02M","-0,94%"
"06/09/2021","2.077","2.087","2.107","2.048","22,83M","-0,47%"
"03/09/2021","2.087","2.087","2.116","2.068","20,88M","0,00%"
"02/09/2021","2.087","2.136","2.155","2.087","22,04M","-1,83%"
"01/09/2021","2.126","2.165","2.185","2.126","13,73M","-1,80%"
"31/08/2021","2.165","2.165","2.165","2.116","19,30M","0,45%"
"30/08/2021","2.155","2.136","2.194","2.116","36,34M","2,31%"
"27/08/2021","2.107","2.155","2.194","2.068","38,79M","-1,37%"
"26/08/2021","2.136","2.185","2.185","2.116","19,15M","-0,46%"
"25/08/2021","2.146","2.155","2.175","2.116","20,70M","0,92%"
"24/08/2021","2.126","2.155","2.234","2.116","43,71M","-0,91%"
"23/08/2021","2.146","2.146","2.165","2.097","46,25M","2,33%"
"20/08/2021","2.097","2.009","2.165","1.960","69,57M","4,37%"
"19/08/2021","2.009","2.116","2.136","1.990","61,68M","-5,07%"
"18/08/2021","2.116","2.194","2.234","2.048","79,43M","-3,55%"
"16/08/2021","2.194","2.312","2.341","2.175","68,34M","-5,07%"
"13/08/2021","2.312","2.282","2.360","2.243","60,34M","0,85%"
"12/08/2021","2.292","2.273","2.302","2.165","68,27M","0,43%"
"10/08/2021","2.282","2.438","2.458","2.282","65,87M","-6,77%"
"09/08/2021","2.448","2.624","2.633","2.448","66,19M","-6,69%"
"06/08/2021","2.624","2.653","2.692","2.565","48,80M","-0,37%"
"05/08/2021","2.633","2.536","2.663","2.507","74,15M","4,65%"
"04/08/2021","2.516","2.487","2.555","2.468","44,74M","1,57%"
"03/08/2021","2.477","2.536","2.585","2.468","44,71M","-2,31%"
"02/08/2021","2.536","2.536","2.604","2.409","141,61M","-1,14%"
"30/07/2021","2.565","2.760","2.799","2.565","129,09M","-6,74%"
"29/07/2021","2.750","2.731","2.770","2.682","63,55M","0,71%"
"28/07/2021","2.731","2.653","2.760","2.653","102,68M","3,32%"
"27/07/2021","2.643","2.614","2.809","2.497","214,70M","1,12%"
"26/07/2021","2.614","2.604","2.653","2.555","105,01M","1,51%"
"23/07/2021","2.575","2.516","2.604","2.516","113,54M","2,32%"
"22/07/2021","2.516","2.526","2.575","2.507","32,46M","0,39%"
"21/07/2021","2.507","2.546","2.643","2.487","131,85M","-0,78%"
"19/07/2021","2.526","2.380","2.555","2.341","192,94M","6,15%"
"16/07/2021","2.380","2.331","2.438","2.321","127,65M","2,09%"
"15/07/2021","2.331","2.292","2.351","2.273","69,55M","1,70%"
"14/07/2021","2.292","2.234","2.341","2.165","67,78M","2,62%"
"13/07/2021","2.234","2.302","2.341","2.194","60,70M","-2,96%"
"12/07/2021","2.302","2.321","2.390","2.292","51,03M","-0,84%"
"09/07/2021","2.321","2.390","2.438","2.312","99,52M","-2,06%"
"08/07/2021","2.370","2.282","2.438","2.282","232,56M","4,29%"
"07/07/2021","2.273","2.136","2.292","2.126","191,07M","6,88%"
"06/07/2021","2.126","2.116","2.194","2.068","83,13M","0,93%"
"05/07/2021","2.107","2.175","2.224","2.097","67,54M","-3,14%"
"02/07/2021","2.175","2.243","2.263","2.097","87,93M","-2,19%"
"01/07/2021","2.224","2.253","2.302","2.175","136,66M","-0,87%"
"30/06/2021","2.243","2.126","2.312","2.097","306,58M","5,02%"
"29/06/2021","2.136","2.175","2.273","2.048","303,79M","-2,67%"
"28/06/2021","2.194","1.941","2.204","1.892","473,82M","15,68%"
"25/06/2021","1.897","1.678","1.960","1.678","334,61M","12,76%"
"24/06/2021","1.682","1.707","1.726","1.682","25,26M","-1,43%"
"23/06/2021","1.707","1.756","1.785","1.707","36,89M","-3,31%"
"22/06/2021","1.765","1.687","1.790","1.682","53,18M","4,93%"
"21/06/2021","1.682","1.726","1.741","1.668","37,07M","-2,27%"
"18/06/2021","1.721","1.804","1.853","1.721","78,02M","-4,85%"
"17/06/2021","1.809","1.736","1.819","1.717","48,27M","4,21%"
"16/06/2021","1.736","1.751","1.765","1.726","19,74M","-0,83%"
"15/06/2021","1.751","1.765","1.790","1.741","21,16M","-0,83%"
"14/06/2021","1.765","1.795","1.814","1.765","22,63M","-1,36%"
"11/06/2021","1.790","1.839","1.853","1.785","32,19M","-2,39%"
"10/06/2021","1.834","1.814","1.858","1.799","28,53M","1,07%"
"09/06/2021","1.814","1.785","1.839","1.770","51,24M","1,92%"
"08/06/2021","1.780","1.868","1.878","1.770","69,70M","-4,70%"
"07/06/2021","1.868","2.038","2.038","1.863","118,79M","-6,59%"
"04/06/2021","1.999","1.878","2.048","1.863","156,56M","6,77%"
"03/06/2021","1.873","1.887","1.897","1.853","24,36M","-0,26%"
"02/06/2021","1.878","1.858","1.917","1.858","33,71M","1,05%"
"31/05/2021","1.858","1.834","1.878","1.824","35,26M","1,88%"
"28/05/2021","1.824","1.804","1.843","1.790","50,92M","2,19%"
"27/05/2021","1.785","1.814","1.946","1.785","114,18M","-1,08%"
"25/05/2021","1.804","1.717","1.873","1.707","86,60M","5,12%"
"24/05/2021","1.717","1.814","1.829","1.707","53,24M","-5,12%"
"21/05/2021","1.809","1.887","1.897","1.804","36,37M","-3,64%"
"20/05/2021","1.878","1.853","1.921","1.809","52,42M","1,05%"
"19/05/2021","1.858","1.941","1.960","1.843","54,78M","-5,22%"
"18/05/2021","1.960","2.048","2.077","1.921","60,47M","-4,28%"
"17/05/2021","2.048","2.194","2.204","2.048","60,64M","-6,67%"
"11/05/2021","2.194","2.224","2.224","2.165","26,30M","-1,32%"
"10/05/2021","2.224","2.253","2.302","2.224","24,54M","-1,30%"
"07/05/2021","2.253","2.360","2.390","2.253","36,84M","-4,54%"
"06/05/2021","2.360","2.234","2.419","2.224","106,30M","6,14%"
"05/05/2021","2.224","2.214","2.282","2.194","25,70M","1,34%"
"04/05/2021","2.194","2.185","2.204","2.155","19,48M","0,44%"
"03/05/2021","2.185","2.224","2.243","2.165","13,76M","-1,75%"
"30/04/2021","2.224","2.204","2.234","2.185","9,63M","0,88%"
"29/04/2021","2.204","2.165","2.263","2.165","26,12M","1,80%"
"28/04/2021","2.165","2.234","2.263","2.155","30,76M","-3,06%"
"27/04/2021","2.234","2.263","2.292","2.234","13,45M","-0,87%"
"26/04/2021","2.253","2.263","2.292","2.243","9,76M","-0,43%"
"23/04/2021","2.263","2.282","2.292","2.243","8,86M","-0,85%"
"22/04/2021","2.282","2.292","2.331","2.282","14,65M","0,00%"
"21/04/2021","2.282","2.341","2.341","2.263","22,04M","-1,68%"
"20/04/2021","2.321","2.399","2.399","2.292","25,18M","-3,26%"
"19/04/2021","2.399","2.273","2.448","2.273","89,17M","5,58%"
"16/04/2021","2.273","2.243","2.302","2.243","15,26M","1,31%"
"15/04/2021","2.243","2.282","2.312","2.224","11,71M","-1,29%"
"14/04/2021","2.273","2.204","2.312","2.204","28,89M","2,64%"
"13/04/2021","2.214","2.214","2.263","2.165","12,02M","0,00%"
"12/04/2021","2.214","2.321","2.341","2.204","17,20M","-4,62%"
"09/04/2021","2.321","2.390","2.390","2.302","44,56M","-2,46%"
"08/04/2021","2.380","2.185","2.419","2.165","65,48M","8,93%"
"07/04/2021","2.185","2.165","2.214","2.146","12,71M","-0,88%"
"06/04/2021","2.204","2.185","2.214","2.136","19,91M","1,35%"
"05/04/2021","2.175","2.302","2.302","2.155","26,91M","-4,29%"
"01/04/2021","2.273","2.234","2.292","2.194","32,89M","1,75%"
"31/03/2021","2.234","2.292","2.292","2.155","39,19M","-2,55%"
"30/03/2021","2.292","2.390","2.429","2.263","35,10M","-4,08%"
"29/03/2021","2.390","2.477","2.497","2.390","18,07M","-3,54%"
"26/03/2021","2.477","2.390","2.477","2.390","34,29M","2,01%"
"25/03/2021","2.429","2.536","2.555","2.370","35,11M","-4,23%"
"24/03/2021","2.536","2.526","2.575","2.497","18,36M","0,38%"
"23/03/2021","2.526","2.555","2.594","2.516","22,60M","-1,14%"
"22/03/2021","2.555","2.604","2.614","2.555","14,69M","-1,87%"
"19/03/2021","2.604","2.663","2.663","2.555","88,32M","-1,84%"
"18/03/2021","2.653","2.633","2.672","2.633","29,53M","0,74%"
"17/03/2021","2.633","2.633","2.663","2.614","23,37M","0,75%"
"16/03/2021","2.614","2.536","2.692","2.536","63,71M","3,08%"
"15/03/2021","2.536","2.555","2.614","2.536","25,56M","-0,76%"
"12/03/2021","2.555","2.516","2.575","2.507","33,19M","1,95%"
"10/03/2021","2.507","2.585","2.585","2.497","26,21M","-1,91%"
"09/03/2021","2.555","2.614","2.643","2.536","27,13M","-2,24%"
"08/03/2021","2.614","2.565","2.672","2.565","36,89M","1,90%"
"05/03/2021","2.565","2.614","2.643","2.516","43,44M","-1,86%"
"04/03/2021","2.614","2.741","2.780","2.565","76,37M","-4,63%"
"03/03/2021","2.741","2.789","2.838","2.731","46,66M","-1,40%"
"02/03/2021","2.780","2.858","2.877","2.780","45,10M","-2,40%"
"01/03/2021","2.848","2.897","2.906","2.809","59,78M","-0,68%"
"26/02/2021","2.867","2.906","2.994","2.760","239,98M","-0,68%"
"25/02/2021","2.887","2.760","2.906","2.760","217,41M","4,96%"
"24/02/2021","2.750","2.721","2.799","2.692","75,68M","1,08%"
"23/02/2021","2.721","2.721","2.750","2.672","36,42M","0,72%"
"22/02/2021","2.702","2.633","2.780","2.624","123,65M","2,97%"
"19/02/2021","2.624","2.633","2.672","2.585","55,71M","-0,37%"
"18/02/2021","2.633","2.672","2.711","2.585","74,34M","-1,46%"
"17/02/2021","2.672","2.828","2.838","2.672","94,36M","-5,52%"
"16/02/2021","2.828","2.809","2.877","2.799","69,77M","1,05%"
"15/02/2021","2.799","2.799","2.858","2.799","48,57M","0,00%"
"11/02/2021","2.799","2.809","2.877","2.760","85,15M","0,00%"
"10/02/2021","2.799","2.770","2.838","2.692","112,71M","1,41%"
"09/02/2021","2.760","2.897","2.994","2.702","349,54M","-4,39%"
"08/02/2021","2.887","2.643","2.926","2.633","406,09M","9,22%"
"05/02/2021","2.643","2.702","2.711","2.565","105,08M","1,12%"
"04/02/2021","2.614","2.702","2.770","2.555","250,16M","-2,55%"
"03/02/2021","2.682","2.546","2.741","2.438","425,98M","5,36%"
"02/02/2021","2.546","2.760","2.799","2.546","315,09M","-6,79%"
"01/02/2021","2.731","2.390","2.887","2.214","808,28M","14,75%"
"29/01/2021","2.380","2.633","2.780","2.380","305,76M","-6,87%"
"28/01/2021","2.555","2.711","2.975","2.555","416,98M","-6,76%"
"27/01/2021","2.741","2.945","2.945","2.741","297,33M","-6,95%"
"26/01/2021","2.945","3.160","3.238","2.945","198,96M","-6,79%"
"25/01/2021","3.160","3.160","3.228","2.945","216,76M","0,00%"
"22/01/2021","3.160","3.394","3.462","3.160","146,91M","-6,90%"
"21/01/2021","3.394","3.609","3.706","3.316","262,76M","-4,66%"
"20/01/2021","3.560","2.897","3.560","2.897","472,24M","14,42%"
"19/01/2021","3.111","3.297","3.297","3.111","28,46M","-6,73%"
"18/01/2021","3.336","3.521","3.579","3.336","219,43M","-6,81%"
"15/01/2021","3.579","3.667","3.726","3.531","136,44M","-2,39%"
"14/01/2021","3.667","3.667","3.843","3.618","160,14M","-0,26%"
"13/01/2021","3.677","3.706","3.882","3.560","298,99M","0,26%"
"12/01/2021","3.667","2.984","3.706","2.984","559,05M","23,69%"
"11/01/2021","2.965","2.838","2.994","2.809","231,36M","6,29%"
"08/01/2021","2.789","2.692","2.936","2.663","310,35M","5,54%"
"07/01/2021","2.643","2.448","2.848","2.448","422,73M","7,97%"
"06/01/2021","2.448","2.302","2.575","2.282","420,87M","6,81%"
"05/01/2021","2.292","2.312","2.370","2.253","118,83M","-0,42%"
"04/01/2021","2.302","2.243","2.321","2.175","123,30M","4,89%"
"30/12/2020","2.194","2.234","2.312","2.146","121,11M","-1,75%"
"29/12/2020","2.234","2.224","2.399","2.214","210,89M","0,88%"
"28/12/2020","2.214","2.224","2.263","2.165","78,77M","0,00%"
"23/12/2020","2.214","2.273","2.331","2.107","193,29M","-2,15%"
"22/12/2020","2.263","2.351","2.409","2.204","169,66M","-3,74%"
"21/12/2020","2.351","2.263","2.429","2.234","211,06M","5,24%"
"18/12/2020","2.234","2.077","2.312","2.009","406,66M","7,51%"
"17/12/2020","2.077","2.068","2.126","2.048","105,22M","0,47%"
"16/12/2020","2.068","2.077","2.175","2.048","208,58M","0,96%"
"15/12/2020","2.048","2.194","2.214","1.960","500,02M","-2,78%"
"14/12/2020","2.107","1.760","2.107","1.751","609,63M","21,01%"
"11/12/2020","1.741","1.463","1.795","1.453","970,93M","19,80%"
"10/12/2020","1.453","1.434","1.487","1.424","228,59M","2,05%"
"08/12/2020","1.424","1.444","1.448","1.419","47,47M","-1,01%"
"07/12/2020","1.439","1.429","1.458","1.395","72,96M","0,69%"
"04/12/2020","1.429","1.463","1.463","1.429","86,74M","-1,35%"
"03/12/2020","1.448","1.419","1.468","1.414","243,23M","2,06%"
"02/12/2020","1.419","1.429","1.444","1.409","109,11M","0,00%"
"01/12/2020","1.419","1.361","1.448","1.351","214,64M","1,75%"
"30/11/2020","1.395","1.444","1.497","1.336","416,67M","-2,72%"
"27/11/2020","1.434","1.341","1.444","1.326","284,21M","6,91%"
"26/11/2020","1.341","1.341","1.356","1.326","60,66M","0,00%"
"25/11/2020","1.341","1.356","1.385","1.322","226,14M","1,85%"
"24/11/2020","1.317","1.312","1.326","1.297","84,15M","0,37%"
"23/11/2020","1.312","1.322","1.326","1.292","65,57M","0,75%"
"20/11/2020","1.302","1.322","1.341","1.287","109,17M","-1,48%"
"19/11/2020","1.322","1.326","1.375","1.317","289,23M","-2,11%"
"18/11/2020","1.350","1.315","1.360","1.300","217,31M","3,45%"
"17/11/2020","1.305","1.295","1.325","1.285","122,85M","0,77%"
"16/11/2020","1.295","1.315","1.315","1.290","65,18M","-0,38%"
"13/11/2020","1.300","1.275","1.320","1.270","135,01M","1,96%"
"12/11/2020","1.275","1.280","1.315","1.255","111,15M","0,00%"
"11/11/2020","1.275","1.265","1.345","1.235","395,03M","3,66%"
"10/11/2020","1.230","1.240","1.245","1.210","73,20M","0,82%"
"09/11/2020","1.220","1.250","1.265","1.215","74,33M","-0,81%"
"06/11/2020","1.230","1.270","1.295","1.225","172,57M","-2,77%"
"05/11/2020","1.265","1.180","1.280","1.180","324,72M","8,12%"
"04/11/2020","1.170","1.190","1.220","1.150","155,56M","-0,85%"
"03/11/2020","1.180","1.220","1.240","1.180","79,52M","-2,48%"
"02/11/2020","1.210","1.245","1.255","1.180","74,64M","-2,02%"
"27/10/2020","1.235","1.250","1.305","1.220","208,74M","-1,20%"
"26/10/2020","1.250","1.195","1.305","1.195","218,11M","3,31%"
"23/10/2020","1.210","1.210","1.360","1.210","712,40M","-6,92%"
"22/10/2020","1.300","1.395","1.395","1.300","34,90M","-6,81%"
"21/10/2020","1.395","1.550","1.550","1.395","557,15M","-7,00%"
"20/10/2020","1.500","1.405","1.555","1.355","772,64M","7,14%"
"19/10/2020","1.400","1.440","1.500","1.355","417,21M","0,36%"
"16/10/2020","1.395","1.250","1.400","1.220","594,46M","6,49%"
"15/10/2020","1.310","1.600","1.690","1.310","292,83M","-6,76%"
"14/10/2020","1.405","1.205","1.405","1.200","257,57M","24,89%"
"13/10/2020","1.125","920","1.125","920","915,49M","25,00%"
"12/10/2020","900","870","910","860","301,37M","5,26%"
"09/10/2020","855","865","870","850","75,30M","-0,58%"
"08/10/2020","860","855","875","845","136,85M","1,18%"
"07/10/2020","850","835","860","825","127,02M","0,59%"
"06/10/2020","845","860","880","845","255,98M","0,60%"
"05/10/2020","840","790","840","770","273,49M","8,39%"
"02/10/2020","775","800","805","755","199,72M","-2,52%"
"01/10/2020","795","760","795","755","187,25M","6,00%"
"30/09/2020","750","750","760","725","109,24M","1,35%"
"29/09/2020","740","765","780","730","132,60M","-1,99%"
"28/09/2020","755","785","800","750","137,15M","-1,95%"
"25/09/2020","770","735","785","710","399,27M","6,21%"
"24/09/2020","725","740","740","710","153,78M","-3,33%"
"23/09/2020","750","790","805","720","293,00M","-2,60%"
"22/09/2020","770","790","815","770","236,63M","-6,67%"
"21/09/2020","825","880","880","820","108,04M","-5,17%"
"18/09/2020","870","855","890","850","99,52M","1,75%"
"17/09/2020","855","880","890","850","71,90M","-2,29%"
"16/09/2020","875","910","910","850","117,27M","-2,78%"
"15/09/2020","900","930","945","885","198,08M","-2,17%"
"14/09/2020","920","880","930","875","265,85M","6,98%"
"11/09/2020","860","810","890","795","490,25M","1,18%"
"10/09/2020","850","900","910","850","128,29M","-6,59%"
"09/09/2020","910","955","955","895","149,51M","-5,21%"
"08/09/2020","960","970","980","955","40,57M","-1,03%"
"07/09/2020","970","985","1.000","950","138,56M","-1,52%"
"04/09/2020","985","960","990","910","152,65M","3,14%"
"03/09/2020","955","980","980","940","76,41M","-1,55%"
"02/09/2020","970","985","990","970","69,42M","-0,51%"
"01/09/2020","975","970","990","950","129,28M","1,04%"
"31/08/2020","965","975","1.020","935","328,36M","0,00%"
"28/08/2020","965","955","1.000","940","175,86M","1,58%"
"27/08/2020","950","875","1.015","870","643,64M","9,83%"
"26/08/2020","865","720","890","710","800,84M","20,14%"
"25/08/2020","720","745","745","700","252,79M","-1,37%"
"24/08/2020","730","605","750","605","851,02M","20,66%"
"19/08/2020","605","605","625","600","98,80M","0,00%"
"18/08/2020","605","590","620","585","185,97M","3,42%"
"14/08/2020","585","585","600","580","55,64M","0,00%"
"13/08/2020","585","605","630","580","150,20M","-0,85%"
"12/08/2020","590","570","635","560","703,49M","3,51%"
"11/08/2020","570","565","590","565","120,85M","1,79%"
"10/08/2020","560","550","570","550","109,65M","1,82%"
"07/08/2020","550","565","565","545","71,78M","-0,90%"
"06/08/2020","555","555","575","545","146,38M","0,91%"
"05/08/2020","550","540","570","520","208,21M","2,80%"
"04/08/2020","535","515","555","515","168,45M","3,88%"
"03/08/2020","515","540","560","505","161,96M","-4,63%"
"30/07/2020","540","550","580","520","287,75M","-1,82%"
"29/07/2020","550","595","615","550","387,85M","-6,78%"
"28/07/2020","590","480","600","478","778,40M","22,92%"
"27/07/2020","480","486","488","476","51,62M","-0,83%"
"24/07/2020","484","490","496","482","64,06M","-2,02%"
"23/07/2020","494","486","510","482","236,68M","2,92%"
"22/07/2020","480","486","488","474","61,11M","-0,83%"
"21/07/2020","484","474","488","474","59,55M","2,11%"
"20/07/2020","474","488","490","472","67,95M","-2,87%"
"17/07/2020","488","492","496","486","55,76M","-0,81%"
"16/07/2020","492","496","500","488","178,32M","0,41%"
"15/07/2020","490","492","500","484","132,59M","0,00%"
"14/07/2020","490","484","515","474","403,54M","1,66%"
"13/07/2020","482","482","496","478","200,57M","1,69%"
"10/07/2020","474","440","505","434","945,22M","8,22%"
"09/07/2020","438","440","450","432","106,04M","-0,45%"
"08/07/2020","440","452","470","432","361,15M","-2,65%"
"07/07/2020","452","408","476","400","1,32B","14,14%"
"06/07/2020","396","322","396","322","542,79M","24,53%"
"03/07/2020","318","308","322","308","79,34M","3,92%"
"02/07/2020","306","308","310","304","10,75M","0,00%"
"01/07/2020","306","312","312","306","5,25M","-0,65%"
"30/06/2020","308","310","312","306","5,87M","0,65%"
"29/06/2020","306","308","310","304","7,18M","-0,65%"
"26/06/2020","308","312","316","308","7,35M","-0,65%"
"25/06/2020","310","314","314","308","7,92M","-1,27%"
"24/06/2020","314","306","320","306","31,29M","2,61%"
"23/06/2020","306","308","310","304","12,64M","-0,65%"
"22/06/2020","308","316","318","300","17,99M","-2,53%"
"19/06/2020","316","316","322","314","11,19M","0,00%"
"18/06/2020","316","316","322","316","30,22M","-0,63%"
"17/06/2020","318","322","326","316","36,73M","0,00%"
"16/06/2020","318","306","322","306","73,10M","5,30%"
"15/06/2020","302","312","318","302","27,12M","-3,21%"
"12/06/2020","312","292","314","274","91,84M","6,12%"
"11/06/2020","294","304","308","288","24,14M","-2,65%"
"10/06/2020","302","316","316","298","41,12M","-3,82%"
"09/06/2020","314","330","334","314","42,41M","-4,27%"
"08/06/2020","328","324","336","322","86,48M","2,50%"
"05/06/2020","320","316","324","304","44,46M","1,91%"
"04/06/2020","314","320","326","312","40,90M","-1,88%"
"03/06/2020","320","326","334","312","107,97M","0,00%"
"02/06/2020","320","300","328","300","122,24M","6,67%"
"29/05/2020","300","300","308","298","37,69M","-0,66%"
"28/05/2020","302","310","318","298","72,09M","-1,95%"
"27/05/2020","308","292","314","288","141,45M","6,21%"
"26/05/2020","290","290","300","288","50,80M","0,69%"
"20/05/2020","288","288","306","284","187,44M","0,00%"
"19/05/2020","288","276","330","272","399,95M","5,88%"
"18/05/2020","272","254","280","246","119,27M","7,94%"
"15/05/2020","252","262","272","246","54,20M","-3,82%"
"14/05/2020","262","284","294","262","143,66M","-6,43%"
"13/05/2020","280","230","282","224","184,57M","20,69%"
"12/05/2020","232","248","250","232","29,22M","-6,45%"
"11/05/2020","248","250","262","246","26,38M","0,00%"
"08/05/2020","248","270","270","248","74,20M","-3,13%"
"06/05/2020","256","260","302","248","253,44M","1,59%"
"05/05/2020","252","206","252","206","200,83M","24,75%"
"04/05/2020","202","196","212","188","23,01M","3,06%"
"30/04/2020","196","191","199","191","12,43M","2,62%"
"29/04/2020","191","190","192","190","2,50M","0,53%"
"28/04/2020","190","195","198","189","3,93M","-2,06%"
"27/04/2020","194","194","194","190","4,05M","2,65%"
"24/04/2020","189","193","196","189","6,14M","-2,58%"
"23/04/2020","194","198","202","194","6,81M","-0,51%"
"22/04/2020","195","192","196","185","7,22M","1,56%"
"21/04/2020","192","196","198","189","7,60M","-2,04%"
"20/04/2020","196","204","204","196","8,19M","-2,97%"
"17/04/2020","202","195","204","194","14,36M","4,12%"
"16/04/2020","194","198","200","190","7,29M","-1,52%"
"15/04/2020","197","204","208","196","11,85M","-2,48%"
"14/04/2020","202","202","212","200","26,25M","1,00%"
"13/04/2020","200","192","212","192","27,69M","3,63%"
"09/04/2020","193","195","198","189","6,13M","1,05%"
"08/04/2020","191","204","208","190","10,23M","-5,45%"
"07/04/2020","202","210","222","197","23,21M","-0,98%"
"06/04/2020","204","196","210","196","28,12M","5,70%"
"03/04/2020","193","195","198","190","12,49M","2,12%"
"02/04/2020","189","185","193","182","7,76M","2,16%"
"01/04/2020","185","196","204","184","12,04M","-5,61%"
"31/03/2020","196","190","210","190","15,38M","4,26%"
"30/03/2020","188","194","218","185","22,45M","-5,05%"
"27/03/2020","198","164","214","164","44,85M","23,75%"
"26/03/2020","160","136","171","135","28,11M","18,52%"
"24/03/2020","135","136","159","135","18,66M","-6,90%"
"23/03/2020","145","155","155","145","2,50M","-6,45%"
"20/03/2020","155","161","163","150","12,60M","-3,73%"
"19/03/2020","161","161","170","161","664,70K","-6,94%"
"18/03/2020","173","185","185","173","8,58M","-6,49%"
"17/03/2020","185","195","198","185","5,30M","-6,57%"
"16/03/2020","198","212","212","198","11,80M","-6,60%"
"13/03/2020","212","214","220","200","13,19M","-0,93%"
"12/03/2020","214","236","236","214","12,76M","-9,32%"
"11/03/2020","236","244","266","228","33,67M","-5,60%"
"10/03/2020","250","214","262","210","42,75M","16,82%"
"09/03/2020","214","230","250","214","17,42M","-14,40%"
"06/03/2020","250","260","274","244","60,00M","-1,57%"
"05/03/2020","254","208","254","204","52,30M","24,51%"
"04/03/2020","204","202","212","198","42,01M","2,00%"
"03/03/2020","200","206","216","200","16,44M","-2,91%"
"02/03/2020","206","224","224","200","9,72M","-6,36%"
"28/02/2020","220","232","248","202","14,04M","-12,70%"
"27/02/2020","252","258","264","250","3,75M","-4,55%"
"26/02/2020","264","278","278","258","8,15M","-5,04%"
"25/02/2020","278","286","286","276","2,51M","-3,47%"
"24/02/2020","288","300","300","288","8,99M","-4,00%"
"21/02/2020","300","304","304","296","2,44M","-1,32%"
"20/02/2020","304","302","308","302","851,60K","0,00%"
"19/02/2020","304","308","308","302","2,65M","0,00%"
"18/02/2020","304","304","306","302","2,49M","0,00%"
"17/02/2020","304","302","308","300","2,07M","0,66%"
"14/02/2020","302","306","306","298","4,45M","-1,31%"
"13/02/2020","306","312","312","298","4,42M","-1,92%"
"12/02/2020","312","316","320","312","1,15M","-1,27%"
"11/02/2020","316","316","324","314","2,15M","0,00%"
"10/02/2020","316","324","324","314","2,64M","-2,47%"
"07/02/2020","324","316","326","316","3,48M","2,53%"
"06/02/2020","316","314","318","312","2,20M","1,28%"
"05/02/2020","312","312","314","310","1,11M","0,65%"
"04/02/2020","310","306","312","306","1,93M","1,31%"
"03/02/2020","306","310","310","304","4,11M","-1,29%"
"31/01/2020","310","314","316","308","2,68M","-1,27%"
"30/01/2020","314","320","322","314","1,86M","-1,88%"
"29/01/2020","320","316","324","316","9,71M","1,91%"
"28/01/2020","314","302","314","302","1,80M","1,29%"
"27/01/2020","310","316","316","308","8,56M","-0,64%"
"24/01/2020","312","308","314","308","4,69M","0,65%"
"23/01/2020","310","318","318","310","16,81M","-1,90%"
"22/01/2020","316","320","324","316","10,89M","-1,25%"
"21/01/2020","320","324","324","316","5,67M","-1,23%"
"20/01/2020","324","320","324","318","17,04M","1,89%"
"17/01/2020","318","320","320","316","2,32M","-0,63%"
"16/01/2020","320","320","322","316","11,38M","0,00%"
"15/01/2020","320","320","322","316","18,05M","0,00%"
"14/01/2020","320","322","326","318","7,39M","0,00%"
"13/01/2020","320","316","324","314","10,83M","1,91%"
"10/01/2020","314","318","324","314","6,18M","-1,26%"
"09/01/2020","318","312","322","310","4,93M","1,92%"
"08/01/2020","312","318","318","312","4,06M","-1,89%"
"07/01/2020","318","324","324","316","6,32M","-1,85%"
"06/01/2020","324","328","334","320","6,94M","-1,22%"
"03/01/2020","328","334","336","326","4,99M","-1,20%"
"02/01/2020","332","330","336","330","1,46M","0,61%"